model,PR_AUC,ROC_AUC,Precision@K,Recall@K,F1@K
IF,0.04189211830199074,0.6122965353622007,0.04206500956022945,0.04206500956022945,0.04206500956022945
LOF,0.817585934168674,0.9028577885309719,0.7992351816443595,0.7992351816443595,0.7992351816443595
OCSVM,0.7934841224517502,0.8985750636573244,0.775653282345443,0.775653282345443,0.775653282345443
