,high_cost_rate,zero_payment_rate,high_volume_provider_rate,avg_log_payment,count
IsolationForest,0.6817660550458715,0.1882645259938838,0.5301987767584098,6.120608772450716,5232
OCSVM,0.4430428134556575,0.12595565749235474,0.4000382262996942,5.7817976072358785,5232
LOF,0.10626911314984709,0.06804281345565749,0.5621177370030581,4.8397582799321786,5232
