metric,count,mean,std,min,25%,50%,75%,max,missing_count,missing_pct
high_cost_rate,3.0,0.4103593272171253,0.28913723426332916,0.106269113149847,0.2746559633027522,0.4430428134556575,0.5624044342507645,0.6817660550458715,0,0.0
zero_payment_rate,3.0,0.12742099898063194,0.06012425018795607,0.0680428134556574,0.09699923547400605,0.1259556574923547,0.15711009174311924,0.1882645259938838,0,0.0
high_volume_provider_rate,3.0,0.49745158002038736,0.08585875679340764,0.4000382262996942,0.465118501529052,0.5301987767584098,0.5461582568807339,0.5621177370030581,0,0.0
avg_log_payment,3.0,5.580721553206257,0.663677768705821,4.8397582799321786,5.3107779435840285,5.781797607235879,5.951203189843298,6.120608772450716,0,0.0
count,3.0,5232.0,0.0,5232.0,5232.0,5232.0,5232.0,5232.0,0,0.0
