,IF,LOF,OCSVM,Consensus
IF,1.0,0.11488306929626037,0.4132479214937986,0.5835257890685143
LOF,0.11488306929626037,1.0,0.09112050739957717,0.0984156820622986
OCSVM,0.4132479214937986,0.09112050739957717,1.0,0.5861202397061667
Consensus,0.5835257890685143,0.0984156820622986,0.5861202397061667,1.0
